{
  "implementations": {
    "baseline": {
      "warmup_iterations": 1,
      "measured_iterations": 2,
      "successful_samples": 2,
      "failed_samples": 0,
      "wall_ms": {
        "min": 141.56535200000002,
        "max": 144.733202,
        "mean": 143.149277
      },
      "cpu_ms": {
        "min": 140.324,
        "max": 144.464,
        "mean": 142.394
      },
      "max_rss_kb": {
        "min": 45940,
        "max": 46008,
        "mean": 45974
      }
    },
    "rewrite": {
      "warmup_iterations": 1,
      "measured_iterations": 2,
      "successful_samples": 2,
      "failed_samples": 0,
      "wall_ms": {
        "min": 63.766476000000004,
        "max": 82.792981,
        "mean": 73.2797285
      },
      "cpu_ms": {
        "min": 63.382999999999996,
        "max": 82.21000000000001,
        "mean": 72.79650000000001
      },
      "max_rss_kb": {
        "min": 27816,
        "max": 35176,
        "mean": 31496
      }
    }
  }
}
