{
  "implementations": {
    "baseline": {
      "warmup_iterations": 1,
      "measured_iterations": 2,
      "successful_samples": 2,
      "failed_samples": 0,
      "wall_ms": {
        "min": 147.45494300000001,
        "max": 153.132444,
        "mean": 150.29369350000002
      },
      "cpu_ms": {
        "min": 147.10799999999998,
        "max": 152.64600000000002,
        "mean": 149.877
      },
      "max_rss_kb": {
        "min": 45972,
        "max": 46008,
        "mean": 45990
      }
    },
    "rewrite": {
      "warmup_iterations": 1,
      "measured_iterations": 2,
      "successful_samples": 2,
      "failed_samples": 0,
      "wall_ms": {
        "min": 77.054432,
        "max": 80.33347,
        "mean": 78.693951
      },
      "cpu_ms": {
        "min": 75.529,
        "max": 79.689,
        "mean": 77.609
      },
      "max_rss_kb": {
        "min": 27880,
        "max": 28008,
        "mean": 27944
      }
    }
  }
}
